path,bytes,sha256,role
code/common.py,3302,d40dc1fe6578b5993a563bdb4d9e5317ddc9fae8afe48822b66571c7042e84db,source/data (conservative inclusion)
code/evaluate.py,3437,128bcb2dab0be0d427505bddb4671e3ab3a8f78e114be79a689c0f9029af133d,source/data (conservative inclusion)
code/model.py,2771,6cce142a31d396f017319543f50d70f30fa6da740729af01c8baed13c6f671f9,source/data (conservative inclusion)
code/student.py,480,203d9ded22b08303d47392ce559037782ba277e48e63cc128dfc389cf76a6ead,source/data (conservative inclusion)
code/configs/baseline.json,82,6b0c87aa8e15107b78d9789b8f254559735eb0eee81f941715bcc216bdb09e7d,source/data (conservative inclusion)
code/data/tokenizer.json,121943,020d1bc6aa4449c4f352b2e03d0e0fb4f39287f15297705e421b1fa7d817262e,source/data (conservative inclusion)
code/data/wikitext_validation.txt,1148007,714a24a5de7459876f7cfdc64837e551dd7cde2a51f95b763ee083fff273e307,source/data (conservative inclusion)
code/data/manifest.json,682,f4790bb599d9fcd04e48263e685335e2f62d9bca0324b08061a10c38984f4fe4,source/data (conservative inclusion)
code/data/wikitext_test.txt,1292013,aca2f46735043bcfd0a44eca981d04627b9cdf74c4c9a04bf0856d04066f58fc,source/data (conservative inclusion)
code/data/wikitext_train.txt,10951562,c58d555a94ada0882d1e8c0b3dc7ba68e1c269da5ad9e7a057300245d130c4e8,source/data (conservative inclusion)
code/train.py,7381,3f7ed320b263ba005829a05b2d62efadd5bc0773cbad246ad4e094b343c58166,source/data (conservative inclusion)
code/ema.py,910,76441fde65fd301e5ff22d99a1954d688fbf2ac60cfdf278980d91d995c6fc55,source/data (conservative inclusion)
code/requirements.txt,45,901a883f6b85ac79faaac149808f5eee8ec0ed0c36482255304c0124700319af,source/data (conservative inclusion)
code/requirements.macos-py312.lock.txt,366,323f3e30ccaeb503f81d75ca9560f971be48a0f408a80d532ea94327dd066666,source/data (conservative inclusion)
code/tests/test_contract.py,2478,cee95caea815cf8cd0d5624ad4110d37016245b8359f39548e2ef8a0230e72d4,source/data (conservative inclusion)
code/tests/test_ema.py,8213,51e964519f825b5ce5765ff1209f4a66205c6507e13f725aaac057304978f5e8,source/data (conservative inclusion)
code/README.md,8331,1ab4514590f3d70468c6e395fd03adb6918461bb360b0b84955fc6bd3665ee4e,source/data (conservative inclusion)
models/ema-seed17.pt,4371165,76743865ebd1dc8b059171f8a5d3a6f3c748e6bf384d939a7bb4530ebbd82c29,optional comparisons/metadata
models/ema-seed23.pt,4371165,58df16a016c3edc7239fcc761d726133dabd2d322d5efb958f6a5724a5374fd6,optional comparisons/metadata
models/final.pt,4370805,5bb600b4dc65e8a8fa0eaa6841955b99754bbb61b060fb626d0855940d26206a,final predictor
models/MANIFEST.json,1029,5fbc9055d2c9a5280f4ddc0944431cc8a8795a1cc34d4f243d547c8cc6390185,optional comparisons/metadata
models/raw-seed23.pt,4370805,92c12277447a9643e5c01d14f21c188d87a9c75aa858378cf442e520703d2e2c,optional comparisons/metadata
models/baseline.pt,4370805,5bb600b4dc65e8a8fa0eaa6841955b99754bbb61b060fb626d0855940d26206a,optional comparisons/metadata
models/README.txt,260,eb6545832f1b4be6d20cff66b718ece575fc42b5985305926d5230fbc093112d,optional comparisons/metadata
